s_m,x_m,y_m,psi_rad,kappa_radpm,vx_mps,ax_mps2
0.0000000,89656.1823513,43129.0182275,2.9531576,-0.0033965,9.7222222,0.0000000
1.0039031,89655.9860307,43128.0337074,2.9289562,-0.0503067,9.7222222,-1.7652648
1.9286313,89655.7584210,43127.1374285,2.8446798,-0.1262944,9.5528438,-3.0000000
2.8437038,89655.4348191,43126.2814848,2.7099182,-0.1632341,9.2610145,3.0000000
3.7967098,89654.9736870,43125.4474719,2.5661291,-0.1440592,9.5647491,-2.8868013
4.7692608,89654.3855607,43124.6728992,2.4151105,-0.1630385,9.2665691,3.0000000
5.7659015,89653.6678482,43123.9813925,2.2623090,-0.1495561,9.5837960,1.3514687
6.7546252,89652.8639045,43123.4058500,2.1253528,-0.1287782,9.7222222,0.0000000
7.7185390,89652.0145459,43122.9500873,2.0016452,-0.1261918,9.7222222,0.0000000
8.6860765,89651.1136532,43122.5972117,1.8920035,-0.0935891,9.7222222,0.0000000
9.6965585,89650.1428491,43122.3168311,1.8162049,-0.0672956,9.7222222,0.0000000
10.6509713,89649.2102532,43122.1139304,1.7567628,-0.0492742,9.7222222,0.0000000
11.6298877,89648.2435896,43121.9595325,1.6985627,-0.0679012,9.7222222,0.0000000
12.6373274,89647.2402221,43121.8690423,1.6165451,-0.1074273,9.7222222,0.0000000
13.5700150,89646.3075345,43121.8689597,1.5328813,-0.0590972,9.7222222,0.0000000
14.4910275,89645.3884698,43121.9288285,1.4780102,-0.0630934,9.7222222,0.0000000
15.3873310,89644.4985816,43122.0358745,1.4259503,-0.0510983,9.7222222,0.0000000
16.2746049,89643.6236331,43122.1832522,1.3825944,-0.0463576,9.7222222,0.0000000
17.1665439,89642.7513012,43122.3692423,1.3378103,-0.0534605,9.7222222,0.0000000
18.0791774,89641.8691908,43122.6032956,1.2835114,-0.0636751,9.7222222,0.0000000
19.0343316,89640.9616952,43122.9012409,1.2238946,-0.0619466,9.7222222,0.0000000
20.0152250,89640.0487586,43123.2599867,1.1710750,-0.0482262,9.7222222,0.0000000
20.9897494,89639.1614750,43123.6630071,1.1155137,-0.0621421,9.7222222,0.0000000
21.9961552,89638.2713492,43124.1326120,1.0555496,-0.0597287,9.7222222,0.0000000
22.9982437,89637.4148332,43124.6527676,0.9934544,-0.0661617,9.7222222,0.0000000
23.9666599,89636.6218034,43125.2085857,0.9242244,-0.0739736,9.7222222,0.0000000
24.9366139,89635.8668935,43125.8176191,0.8632459,-0.0518637,9.7222222,0.0000000
25.9307769,89635.1254687,43126.4799251,0.8245243,-0.0257553,9.7222222,0.0000000
26.9542779,89634.3837528,43127.1851995,0.7949971,-0.0356826,9.7222222,0.0000000
27.9268018,89633.6992578,43127.8760463,0.7707828,-0.0104575,9.7222222,0.0000000
28.9370344,89633.0003215,43128.6054693,0.7558510,-0.0193466,9.7222222,0.0000000
29.9596328,89632.3068270,43129.3569830,0.7337223,-0.0250840,9.7222222,0.0000000
30.9460666,89631.6533807,43130.0959415,0.7174564,-0.0066817,9.7222222,0.0000000
31.9144293,89631.0182925,43130.8269608,0.7141848,-0.0000267,9.7222222,0.0000000
32.8458387,89630.4090279,43131.5314608,0.7107826,-0.0069434,9.7222222,0.0000000
33.8024804,89629.7884482,43132.2595020,0.6992646,-0.0179330,9.7222222,0.0000000
34.7435355,89629.1883240,43132.9843715,0.6846600,-0.0124258,9.7222222,0.0000000
35.6883513,89628.5949066,43133.7195808,0.6738049,-0.0104941,9.7222222,0.0000000
36.6525254,89627.9969532,43134.4759427,0.6643200,-0.0092361,9.7222222,0.0000000
37.6354470,89627.3945732,43135.2526493,0.6548826,-0.0099257,9.7222222,0.0000000
38.6335357,89626.7900107,43136.0468064,0.6471467,-0.0057661,9.7222222,0.0000000
39.6296079,89626.1921553,43136.8435050,0.6399061,-0.0086573,9.7222222,0.0000000
40.6329229,89625.5961791,43137.6506316,0.6326093,-0.0059405,9.7222222,0.0000000
41.6417548,89625.0012472,43138.4653695,0.6299178,0.0005793,9.7222222,0.0000000
42.6488058,89624.4077503,43139.2789499,0.6306027,0.0007786,9.7222222,0.0000000
43.6553691,89623.8137935,43140.0915906,0.6318925,0.0017898,9.7222222,0.0000000
44.6600189,89623.2195673,43140.9016625,0.6339782,0.0023536,9.7222222,0.0000000
45.6651589,89622.6236105,43141.7110709,0.6348625,-0.0005918,9.7222222,0.0000000
46.6670803,89622.0301953,43142.5183532,0.6322118,-0.0047268,9.7222222,0.0000000
47.6653414,89621.4428854,43143.3255660,0.6249400,-0.0097589,9.7222222,0.0000000
48.6679793,89620.8604695,43144.1416999,0.6144335,-0.0112825,9.7222222,0.0000000
49.6681695,89620.2879054,43144.9617917,0.6052629,-0.0070671,9.7222222,0.0000000
50.6633121,89619.7240768,43145.7817955,0.6000640,-0.0033060,9.7222222,0.0000000
51.6646318,89619.1596966,43146.6089086,0.5978607,-0.0011312,9.7222222,0.0000000
52.6639634,89618.5974441,43147.4350658,0.5975317,0.0004796,9.7222222,0.0000000
53.6608581,89618.0361874,43148.2589530,0.5987511,0.0019754,9.7222222,0.0000000
54.6542720,89617.4747229,43149.0784826,0.6034941,0.0075595,9.7222222,0.0000000
55.6523805,89616.9046053,43149.8977424,0.6130846,0.0114506,9.7222222,0.0000000
56.6622578,89616.3172873,43150.7192711,0.6301890,0.0231531,9.7222222,0.0000000
57.6577175,89615.7240355,43151.5186411,0.6432674,0.0025099,9.7222222,0.0000000
58.6677129,89615.1200248,43152.3281235,0.6354482,-0.0175547,9.7222222,0.0000000
59.6945245,89614.5200628,43153.1614228,0.6100745,-0.0322393,9.7222222,0.0000000
60.7214568,89613.9487469,43154.0147622,0.5664326,-0.0521755,9.7222222,0.0000000
61.7552027,89613.4203922,43154.9032845,0.5034466,-0.0699772,9.7222222,0.0000000
62.7948085,89612.9555275,43155.8331668,0.4204422,-0.0888101,9.7222222,0.0000000
63.8476986,89612.5751422,43156.8149430,0.3147601,-0.1119717,9.7222222,-2.3448796
64.9111249,89612.3113196,43157.8451241,0.1818512,-0.1389932,9.4622614,-3.0000000
65.9843745,89612.1987618,43158.9124551,0.0272129,-0.1449589,9.1156401,-3.0000000
67.0930679,89612.2548407,43160.0197294,-0.1268269,-0.1362302,8.7431535,-3.0000000
68.1971368,89612.4739556,43161.1018369,-0.2739876,-0.1437446,8.3557358,-3.0000000
69.2239654,89612.8294054,43162.0651813,-0.4331013,-0.1441106,7.9785555,-3.0000000
70.2654991,89613.3462268,43162.9694424,-0.6222221,-0.2438678,7.5768164,3.0000000
71.2445544,89613.9968843,43163.7010121,-0.8128753,-0.1302540,7.9550285,3.0000000
72.1789934,89614.7068907,43164.3085210,-0.9011613,-0.0536512,8.2999465,3.0000000
73.1047882,89615.4562932,43164.8521127,-1.0027175,-0.1660653,8.6280868,3.0000000
74.0226735,89616.2653975,43165.2855450,-1.1565381,-0.1743707,8.9415431,3.0000000
74.9316771,89617.1214836,43165.5911660,-1.2882596,-0.1039797,9.2414942,-2.7810976
75.8884455,89618.0510730,43165.8175934,-1.3719669,-0.0812099,8.9489375,-3.0000000
76.8216411,89618.9738246,43165.9568184,-1.4805135,-0.1468587,8.6304292,-3.0000000
77.7802693,89619.9324422,43165.9613070,-1.6608511,-0.2036881,8.2905090,3.0000000
78.8284202,89620.9658192,43165.7859433,-1.7979328,-0.0889527,8.6614921,3.0000000
79.8157379,89621.9139859,43165.5106687,-1.9146982,-0.1227483,8.9969635,3.0000000
80.8746932,89622.8870846,43165.0929783,-2.0379238,-0.1227573,9.3433979,1.2142856
81.9491006,89623.8089866,43164.5412104,-2.1882643,-0.1557141,9.4820018,2.1609512
83.0165117,89624.6272281,43163.8557562,-2.3460420,-0.1449602,9.7222222,0.0000000
84.0482709,89625.3112544,43163.0833347,-2.4830727,-0.1188653,9.7222222,0.0000000
85.0536709,89625.8820219,43162.2556551,-2.5864731,-0.0822543,9.7222222,0.0000000
86.0709089,89626.3857217,43161.3718792,-2.6565705,-0.0579269,9.7222222,0.0000000
87.0803721,89626.8349471,43160.4678812,-2.6986485,-0.0247776,9.7222222,0.0000000
88.0807330,89627.2574847,43159.5611376,-2.7067968,0.0087128,9.7222222,0.0000000
89.0774756,89627.6848416,43158.6606589,-2.6861720,0.0327374,9.7222222,0.0000000
90.0727998,89628.1412814,43157.7761630,-2.6395841,0.0605777,9.7222222,0.0000000
91.0731611,89628.6484845,43156.9139172,-2.5807676,0.0569006,9.7222222,0.0000000
92.0833821,89629.2065173,43156.0718092,-2.5362544,0.0314582,9.7222222,0.0000000
93.1048252,89629.7983653,43155.2393058,-2.5142074,0.0119536,9.7222222,0.0000000
94.1339673,89630.4049262,43154.4079110,-2.5115918,-0.0067788,9.7222222,0.0000000
95.1636943,89631.0059860,43153.5718101,-2.5282627,-0.0257003,9.7222222,0.0000000
96.1882991,89631.5818340,43152.7243349,-2.5646744,-0.0456382,9.7222222,0.0000000
97.2032414,89632.1126355,43151.8592583,-2.6212924,-0.0662343,9.7222222,0.0000000
98.2068566,89632.5785487,43150.9703441,-2.7006878,-0.0921105,9.7222222,0.0000000
99.2027340,89632.9601355,43150.0504728,-2.7977556,-0.1023289,9.7222222,0.0000000
100.1997763,89633.2530000,43149.0974126,-2.8837917,-0.0700555,9.7222222,0.0000000
101.2051297,89633.4793397,43148.1178689,-2.9407867,-0.0435495,9.7222222,0.0000000
102.2202904,89633.6644399,43147.1197261,-2.9710866,-0.0164248,9.7222222,0.0000000
103.2440502,89633.8342563,43146.1101487,-2.9743146,0.0099147,9.7222222,0.0000000
104.2741494,89634.0149065,43145.0960136,-2.9524123,0.0326033,9.7222222,0.0000000
105.3045818,89634.2293429,43144.0881406,-2.9077580,0.0544324,9.7222222,0.0000000
106.3277814,89634.4978455,43143.1007988,-2.8404859,0.0772436,9.7222222,0.0000000
107.3432582,89634.8428603,43142.1457293,-2.7430562,0.1145164,9.7222222,0.0000000
108.3590925,89635.2921413,43141.2346498,-2.6228142,0.1206305,9.7222222,0.0000000
109.3881863,89635.8565067,43140.3741117,-2.4994121,0.1208170,9.7222222,0.0000000
110.4221082,89636.5256536,43139.5859258,-2.3767298,0.1164836,9.7222222,0.0000000
111.4580455,89637.2862575,43138.8826138,-2.2579275,0.1135890,9.7222222,-1.9497786
112.4940946,89638.1246883,43138.2739829,-2.1394154,0.1139785,9.5121749,-3.0000000
113.5421034,89639.0399811,43137.7635307,-2.0195682,0.1143676,9.1756972,-3.0000000
114.5854081,89640.0044564,43137.3656965,-1.9039173,0.1180800,8.8280004,-3.0000000
115.5515669,89640.9345132,43137.1040531,-1.7871263,0.1116602,8.4933291,-3.0000000
116.5037250,89641.8760837,43136.9624551,-1.6381260,0.2055094,8.1500730,-3.0000000
117.4358170,89642.8077444,43136.9908058,-1.4388565,0.2301453,7.7994319,3.0000000
118.3352457,89643.6832133,43137.1970250,-1.2480921,0.1780081,8.1380409,3.0000000
119.2645509,89644.5369870,43137.5640108,-1.0807242,0.1833393,8.4736970,-0.0441133
120.2253126,89645.3414671,43138.0892485,-0.9021452,0.1952069,8.4686939,3.0000000
121.1893484,89646.0399320,43138.7537121,-0.7217880,0.1752172,8.8035783,3.0000000
122.1686842,89646.6246369,43139.5393449,-0.5609348,0.1561751,9.1312106,-0.8848178
123.1474873,89647.0827371,43140.4043302,-0.4145464,0.1477783,9.0358664,-3.0000000
124.1184121,89647.3988232,43141.3223632,-0.2425594,0.1846446,8.7075446,3.0000000
125.1508855,89647.5645425,43142.3414503,-0.0869527,0.1416865,9.0562782,3.0000000
126.1423859,89647.5818819,43143.3327991,0.0474246,0.1146880,9.3789752,3.0000000
127.1602925,89647.4728190,43144.3448461,0.1683683,0.1211239,9.6991039,0.2114332
128.2220678,89647.2298500,43145.3784479,0.2940486,0.1248604,9.7222222,0.0000000
129.2588013,89646.8671349,43146.3496606,0.4184371,0.1112609,9.7222222,0.0000000
130.2824669,89646.4016400,43147.2613655,0.5223374,0.0915568,9.7222222,0.0000000
131.3028197,89645.8543115,43148.1224993,0.6071126,0.0744925,9.7222222,0.0000000
132.3214909,89645.2436856,43148.9378685,0.6762262,0.0612608,9.7222222,0.0000000
133.3351255,89644.5877795,43149.7106831,0.7278593,0.0409763,9.7222222,0.0000000
134.3350237,89643.9104833,43150.4462552,0.7561490,0.0149988,9.7222222,0.0000000
135.3341338,89643.2222996,43151.1705646,0.7597136,-0.0076833,9.7222222,0.0000000
136.3454648,89642.5289272,43151.9067881,0.7506989,-0.0103910,9.7222222,0.0000000
137.3474398,89641.8505788,43152.6442142,0.7348948,-0.0211077,9.7222222,0.0000000
138.3468926,89641.1896206,43153.3939077,0.7085888,-0.0311042,9.7222222,0.0000000
139.3549299,89640.5462936,43154.1699679,0.6747957,-0.0366387,9.7222222,0.0000000
140.3559885,89639.9368285,43154.9641156,0.6325210,-0.0475756,9.7222222,0.0000000
141.3550511,89639.3647332,43155.7831596,0.5879503,-0.0413125,9.7222222,0.0000000
142.3598260,89638.8233538,43156.6296116,0.5518012,-0.0310658,9.7222222,0.0000000
143.3624160,89638.3097602,43157.4906623,0.5254748,-0.0213116,9.7222222,0.0000000
144.3645089,89637.8149337,43158.3620617,0.5090684,-0.0114315,9.7222222,0.0000000
145.3674992,89637.3297565,43159.2398957,0.5023295,-0.0020178,9.7222222,0.0000000
146.3700836,89636.8465161,43160.1183343,0.5051455,0.0076525,9.7222222,0.0000000
147.3699400,89636.3579579,43160.9907010,0.5174508,0.0170333,9.7222222,0.0000000
148.3665830,89635.8559018,43161.8516521,0.5403529,0.0286920,9.7222222,0.0000000
149.3676378,89635.3284691,43162.7024903,0.5697394,0.0301829,9.7222222,0.0000000
150.3689232,89634.7772463,43163.5383886,0.5943720,0.0190816,9.7222222,0.0000000
151.3690461,89634.2109188,43164.3627180,0.6075437,0.0071210,9.7222222,0.0000000
152.3793445,89633.6326056,43165.1911241,0.6097050,-0.0027411,9.7222222,0.0000000
153.3878705,89633.0566400,43166.0190058,0.6054779,-0.0057185,9.7222222,0.0000000
154.3854881,89632.4911047,43166.8408396,0.6000878,-0.0049739,9.7222222,0.0000000
155.3883120,89631.9264469,43167.6695841,0.5965857,-0.0020546,9.7222222,0.0000000
156.3883529,89631.3645477,43168.4968392,0.5978382,0.0047059,9.7222222,0.0000000
157.3619918,89630.8124144,43169.2987877,0.6109979,0.0226350,9.7222222,0.0000000
158.3076773,89630.2585183,43170.0652865,0.6450547,0.0517737,9.7222222,0.0000000
159.2174476,89629.6891963,43170.7749022,0.7135565,0.0925789,9.7222222,0.0000000
160.1483741,89629.0512521,43171.4528780,0.7961200,0.0905810,9.7222222,0.0000000
161.0616438,89628.3740153,43172.0655867,0.8724239,0.0760259,9.7222222,0.0000000
161.9611596,89627.6629244,43172.6164754,0.9541829,0.0975128,9.7222222,0.0000000
162.9106761,89626.8680677,43173.1358833,1.0229788,0.0535957,9.7222222,0.0000000
163.8834712,89626.0277820,43173.6260366,1.0560446,0.0142243,9.7222222,0.0000000
164.8899547,89625.1523754,43174.1226976,1.0452153,-0.0352216,9.7222222,0.0000000
165.9005096,89624.2901048,43174.6496802,0.9943096,-0.0641382,9.7222222,-2.8374242
166.9218357,89623.4564684,43175.2397289,0.9081982,-0.1066460,9.4194339,-3.0000000
167.9393907,89622.6920459,43175.9113511,0.7883472,-0.1260192,9.0895767,-3.0000000
168.9546743,89622.0176425,43176.6702850,0.6644842,-0.1271811,8.7480685,-3.0000000
169.9033069,89621.4789309,43177.4511139,0.5435775,-0.1258628,8.4164664,-3.0000000
170.7866491,89621.0715795,43178.2349240,0.4070096,-0.1792360,8.0954836,-3.0000000
171.6407981,89620.7993497,43179.0445297,0.2342921,-0.2317422,7.7725131,3.0000000
172.4577526,89620.6736306,43179.8517530,0.0904962,-0.1159050,8.0816884,3.0000000
173.2504752,89620.6402476,43180.6437723,-0.0056184,-0.1116023,8.3707838,3.0000000
174.0997389,89620.6908844,43181.4915251,-0.1217417,-0.1689856,8.6698099,3.0000000
174.9589040,89620.8527543,43182.3353040,-0.2536892,-0.1435302,8.9621758,3.0000000
175.8047313,89621.1153793,43183.1393264,-0.3756273,-0.1293469,9.2409718,3.0000000
176.7065711,89621.4926067,43183.9584811,-0.4874939,-0.1289774,9.5292496,2.0496850
177.6128097,89621.9632704,43184.7329125,-0.6052130,-0.1323535,9.7222222,-1.9806405
178.5047774,89622.5160543,43185.4329385,-0.7345500,-0.1519465,9.5387772,-3.0000000
179.4121621,89623.1698721,43186.0621199,-0.8764262,-0.1636585,9.2489979,-0.1942053
180.3223747,89623.9102790,43186.5915391,-1.0237647,-0.1643377,9.2298660,3.0000000
181.2188454,89624.7078703,43187.0008163,-1.1674392,-0.1499693,9.5167878,2.1779273
182.1262115,89625.5642947,43187.3005670,-1.3004580,-0.1476700,9.7222222,-0.2088038
183.0408610,89626.4600334,43187.4855964,-1.4310008,-0.1302136,9.7025584,-3.0000000
183.9931022,89627.4091985,43187.5620749,-1.5493824,-0.1274670,9.4035203,-3.0000000
184.8912075,89628.3069019,43187.5352099,-1.6493501,-0.1106850,9.1124948,-3.0000000
185.6472572,89629.0558668,43187.4319496,-1.7715882,-0.1477740,8.8600939,-3.0000000
186.5032930,89629.8826430,43187.2100523,-1.9005343,-0.1908266,8.5653400,3.0000000
187.3510622,89630.6708437,43186.8978788,-1.9576934,0.0665297,8.8572944,3.0000000
188.2332985,89631.4945187,43186.5818085,-1.9243952,0.0133310,9.1512339,3.0000000
189.1525416,89632.3524458,43186.2517040,-1.9686248,-0.0939344,9.4477796,2.6468259
190.1463857,89633.2534329,43185.8322421,-2.0409099,-0.0718575,9.7222222,0.0000000
191.0461966,89634.0400711,43185.3953668,-2.1136715,-0.0658006,9.7222222,0.0000000
192.0335879,89634.8740003,43184.8666859,-2.1505911,-0.0186946,9.7222222,0.0000000
193.0552662,89635.7252763,43184.3017471,-2.1592810,0.0015957,9.7222222,0.0000000
194.1359005,89636.6273980,43183.7068128,-2.1437705,0.0274834,9.7222222,0.0000000
195.1841643,89637.5167420,43183.1519035,-2.1120380,0.0363492,9.7222222,0.0000000
196.1443283,89638.3480054,43182.6713662,-2.0801198,0.0229232,9.7222222,0.0000000
197.1694503,89639.2550127,43182.1936499,-2.0170578,0.1079126,9.7222222,0.0000000
198.1548486,89640.1666584,43181.8196020,-1.9006052,0.1235553,9.7222222,-0.3327606
199.1092064,89641.0858660,43181.5629774,-1.7871129,0.1133620,9.6895025,-3.0000000
200.0788086,89642.0444437,43181.4171789,-1.6504882,0.1495101,9.3845003,-3.0000000
201.1166881,89643.0822922,43181.4091422,-1.5031964,0.1710622,9.0466330,3.0000000
202.0570581,89644.0123439,43181.5480649,-1.3509001,0.1152450,9.3532769,3.0000000
203.0367916,89644.9540838,43181.8182566,-1.2277246,0.1407072,9.6624112,0.5778755
204.0399621,89645.8732838,43182.2200306,-1.0887703,0.1467703,9.7222222,0.0000000
205.0038003,89646.6965619,43182.7212266,-0.9679266,0.0930869,9.7222222,0.0000000
205.9790033,89647.4769707,43183.3060198,-0.8917179,0.0668953,9.7222222,0.0000000
206.9572138,89648.2221158,43183.9397819,-0.8478722,0.0210796,9.7222222,0.0000000
207.9721873,89648.9778843,43184.6172664,-0.8345065,0.0063559,9.7222222,0.0000000
208.9821618,89649.7274960,43185.2941200,-0.8433677,-0.0241554,9.7222222,0.0000000
209.9898788,89650.4918565,43185.9508136,-0.8839911,-0.0557279,9.7222222,0.0000000
211.0138323,89651.3047396,43186.5734707,-0.9546121,-0.0809654,9.7222222,0.0000000
212.0804773,89652.2041977,43187.1468002,-1.0558199,-0.1023019,9.7222222,0.0000000
213.2167019,89653.2203699,43187.6551312,-1.1542935,-0.0815559,9.7222222,-1.9939021
214.3344324,89654.2633771,43188.0569489,-1.2527886,-0.0864923,9.4902221,-3.0000000
215.4832767,89655.3702149,43188.3647689,-1.3454774,-0.0820782,9.1198272,-3.0000000
216.6507629,89656.5245274,43188.5396599,-1.5117930,-0.1642191,8.7273325,-3.0000000
217.9660988,89657.8390100,43188.4922895,-1.7051640,-0.1803073,8.2628274,-3.0000000
219.0977353,89658.9462116,43188.2583970,-1.8099912,0.0541454,7.8412051,-3.0000000
220.0977974,89659.9195470,43188.0287396,-1.8145174,-0.0516236,7.4487667,-3.0000000
221.3342197,89661.0907988,43187.6326219,-2.0264440,-0.2912687,6.9329352,3.0000000
222.6372098,89662.1668877,43186.8979001,-2.2690781,-0.0883057,7.4755288,3.0000000
223.9376214,89663.1052047,43185.9975495,-2.4074761,-0.1129789,7.9803509,3.0000000
225.3233503,89663.9458661,43184.8959447,-2.5783794,-0.1404707,8.4853034,1.7071575
226.7236104,89664.5859403,43183.6505397,-2.7473927,-0.1064400,8.7624941,-3.0000000
228.0979374,89664.9758164,43182.3326735,-2.9839545,-0.2042742,8.2786074,-0.7135059
229.5758229,89665.0108269,43180.8552028,3.0299452,-0.2107596,8.1502381,3.0000000
230.8664429,89664.7317609,43179.5951147,2.8604381,-0.0059431,8.6122065,3.0000000
232.0326260,89664.3475472,43178.4940411,2.7167390,-0.1698191,9.0092841,-2.0767809
233.4741128,89663.6193891,43177.2499873,2.5026544,-0.1862200,8.6706341,3.0000000
234.8251087,89662.6888741,43176.2705325,2.2735837,-0.1306381,9.1261093,3.0000000
236.0953005,89661.6560974,43175.5311005,2.1138128,-0.1162332,9.5345174,1.4318140
237.3575395,89660.5309953,43174.9589183,1.9695399,-0.1123718,9.7222222,0.0000000
238.6152286,89659.3402006,43174.5542089,1.8256642,-0.1202143,9.7222222,0.0000000
239.8186235,89658.1573146,43174.3329849,1.6867696,-0.1151541,9.7222222,0.0000000
240.9238730,89657.0538801,43174.2696686,1.5769486,-0.0747653,9.7222222,0.0000000
241.9858995,89655.9922663,43174.2992707,1.5149229,-0.0407731,9.7222222,0.0000000
243.0301280,89654.9503218,43174.3682991,1.5056234,0.0239245,9.7222222,0.0000000
244.0509034,89653.9306327,43174.4153771,1.5512039,0.0684660,9.7222222,0.0000000
245.0361957,89652.9454993,43174.3976794,1.6287220,0.0828037,9.7222222,0.0000000
246.0610323,89651.9255384,43174.2978302,1.7052113,0.0663257,9.7222222,0.0000000
247.1376263,89650.8629827,43174.1245382,1.7526307,0.0259775,9.7222222,-1.7601649
248.1954372,89649.8271145,43173.9101997,1.8048707,0.0696074,9.5287860,-3.0000000
249.2739986,89648.7887381,43173.6185341,1.8873541,0.0862444,9.1829404,-3.0000000
250.3776439,89647.7641143,43173.2084377,2.0274480,0.1491197,8.8150168,-3.0000000
251.5901139,89646.7272189,43172.5800019,2.2063267,0.1605263,8.3922406,-3.0000000
252.7894220,89645.8250363,43171.7898078,2.3649302,0.1154214,7.9519716,-3.0000000
253.9008711,89645.1170167,43170.9330540,2.5437406,0.1509892,7.5209812,-3.0000000
255.2064280,89644.5161379,43169.7739925,2.8121489,0.2872866,6.9808178,3.0000000
256.5190808,89644.2930915,43168.4804285,3.1043036,0.1725537,7.5238111,3.0000000
257.7176792,89644.3745686,43167.2846026,-2.9770909,0.1302410,7.9874479,3.0000000
258.9663084,89644.6827618,43166.0746060,-2.7985560,0.1728461,8.4434057,3.0000000
260.1702630,89645.1978403,43164.9863960,-2.6054923,0.1481058,8.8608593,3.0000000
261.3034845,89645.8486266,43164.0586740,-2.4659496,0.0873519,9.2365663,3.0000000
262.4149253,89646.5774550,43163.2195615,-2.3941786,0.0470629,9.5907664,1.2428093
263.4363226,89647.2909890,43162.4887253,-2.3423088,0.0460528,9.7222222,0.0000000
264.5010797,89648.0758083,43161.7691654,-2.2785128,0.0736392,9.7222222,0.0000000
265.5991028,89648.9402368,43161.0920996,-2.1873435,0.0994675,9.7222222,0.0000000
266.6553407,89649.8332622,43160.5280570,-2.0820431,0.0931179,9.7222222,0.0000000
267.7216983,89650.7889177,43160.0549385,-1.9771901,0.1029581,9.7222222,0.0000000
268.8019839,89651.8033224,43159.6834547,-1.8648596,0.1122251,9.7222222,0.0000000
269.8406926,89652.8130106,43159.4396405,-1.7534019,0.0962414,9.7222222,0.0000000
270.8743030,89653.8374775,43159.3024613,-1.6544339,0.0961176,9.7222222,0.0000000
271.9117048,89654.8742610,43159.2666506,-1.5572770,0.0899941,9.7222222,-1.3588415
272.9684153,89655.9290601,43159.3301795,-1.4651253,0.0836636,9.5733902,-3.0000000
274.0391210,89656.9874441,43159.4921489,-1.3695109,0.1022858,9.2317694,-3.0000000
275.0276917,89657.9456328,43159.7353490,-1.2772447,0.0886176,8.9047259,-3.0000000
275.9206046,89658.7807421,43160.0513965,-1.1246656,0.1893513,8.5986432,-2.4041712
276.9335984,89659.6562091,43160.5610179,-0.9604529,0.2027051,8.3105863,3.0000000
277.8211979,89660.3570448,43161.1056849,-0.9156835,-0.1581320,8.6250473,3.0000000
278.7292141,89661.0839482,43161.6498401,-0.8911519,0.1647925,8.9352973,-1.0364643
279.7372565,89661.8196832,43162.3389290,-0.7429187,0.1800645,8.8175926,3.0000000
280.6369890,89662.3762533,43163.0458578,-0.6099701,0.0635066,9.1185708,3.0000000
281.6458782,89662.9342095,43163.8864185,-0.5675302,0.0292071,9.4446635,-2.8507534
282.7301495,89663.5113309,43164.8043374,-0.5640623,-0.0213577,9.1115140,-3.0000000
283.8178529,89664.1023478,43165.7174627,-0.5836084,-0.0147032,8.7460544,-3.0000000
284.8463865,89664.6767323,43166.5706705,-0.6037727,-0.0294586,8.3858373,-3.0000000
285.7345050,89665.1857052,43167.2984762,-0.6085155,0.0217163,8.0618581,-3.0000000
286.6860663,89665.7488892,43168.0654786,-0.6961181,-0.2361507,7.6996226,3.0000000
287.5327787,89666.3510398,43168.6607404,-0.8709963,-0.1300201,8.0227465,3.0000000
288.3806396,89667.0285030,43169.1705558,-0.9766413,-0.1056387,8.3337643,3.0000000
289.3461049,89667.8576822,43169.6651113,-1.0965519,-0.1507236,8.6743541,-0.7529266
290.3520661,89668.7870701,43170.0500736,-1.2662274,-0.1898831,8.5865936,3.0000000
291.3541613,89669.7653753,43170.2671308,-1.4303179,-0.1398432,8.9298466,1.6196047
292.3371917,89670.7457385,43170.3394964,-1.5614237,-0.1247588,9.1063935,-3.0000000
293.3105554,89671.7174165,43170.2822358,-1.7055019,-0.1714459,8.7798759,-3.0000000
294.3036687,89672.6845325,43170.0564910,-1.8989081,-0.1968295,8.4337145,3.0000000
295.3664946,89673.6597272,43169.6338872,-2.0457096,-0.1092378,8.8036637,3.0000000
296.3553929,89674.5114943,43169.1314803,-2.1593488,-0.0953676,9.1344340,3.0000000
297.4090597,89675.3590844,43168.5055371,-2.2545415,-0.0954741,9.4741694,2.2476398
298.4683306,89676.1434421,43167.7936118,-2.3637528,-0.1104071,9.7222222,0.0000000
299.5060656,89676.8278390,43167.0135510,-2.4801196,-0.1163989,9.7222222,0.0000000
300.5178380,89677.4018957,43166.1803989,-2.5940682,-0.1026128,9.7222222,0.0000000
301.5374392,89677.8904340,43165.2854593,-2.6870304,-0.0864014,9.7222222,0.0000000
302.5244186,89678.2880803,43164.3821289,-2.7623108,-0.0596249,9.7222222,0.0000000
303.5318251,89678.6337763,43163.4358932,-2.8199427,-0.0572692,9.7222222,0.0000000
304.5458906,89678.9257349,43162.4647655,-2.8792446,-0.0577980,9.7222222,0.0000000
305.5818645,89679.1636110,43161.4564714,-2.9417119,-0.0644048,9.7222222,0.0000000
306.6034188,89679.3343337,43160.4492838,-3.0056796,-0.0646987,9.7222222,0.0000000
307.5654016,89679.4329860,43159.4923728,-3.0724666,-0.0671419,9.7222222,0.0000000
308.5473334,89679.4650520,43158.5109647,3.1341378,-0.0895147,9.7222222,0.0000000
309.5360277,89679.4175760,43157.5234110,3.0551491,-0.0762349,9.7222222,0.0000000
310.4704178,89679.3097936,43156.5952581,3.0050604,-0.0244002,9.7222222,0.0000000
311.4160756,89679.1599153,43155.6615530,2.9491951,-0.0917493,9.7222222,0.0000000
312.3799736,89678.9277346,43154.7260363,2.8396474,-0.1407468,9.7222222,0.0000000
313.3199825,89678.5916649,43153.8481560,2.7148129,-0.1249112,9.7222222,0.0000000
314.2422419,89678.1621581,43153.0320148,2.6018039,-0.1103879,9.7222222,0.0000000
315.2003898,89677.6265622,43152.2375437,2.4919851,-0.1298730,9.7222222,0.0000000
316.1311675,89677.0208811,43151.5307923,2.3767713,-0.1128754,9.7222222,0.0000000
317.0464923,89676.3546763,43150.9031056,2.2776021,-0.1030459,9.7222222,0.0000000
317.9627529,89675.6305469,43150.3417054,2.1830219,-0.1026148,9.7222222,0.0000000
318.8904461,89674.8474110,43149.8443998,2.0913342,-0.0947380,9.7222222,0.0000000
319.8264398,89674.0176923,43149.4112127,2.0167401,-0.0678599,9.7222222,0.0000000
320.7484364,89673.1725138,43149.0427686,1.9447888,-0.0823144,9.7222222,0.0000000
321.7092467,89672.2650336,43148.7271167,1.8660954,-0.0834624,9.7222222,0.0000000
322.6892287,89671.3182386,43148.4742452,1.8032064,-0.0479599,9.7222222,0.0000000
323.6426464,89670.3860757,43148.2740514,1.7641433,-0.0314469,9.7222222,0.0000000
324.6096975,89669.4349791,43148.0991136,1.7448436,-0.0091151,9.7222222,0.0000000
325.6060204,89668.4536266,43147.9270481,1.7477405,0.0139826,9.7222222,0.0000000
326.6237319,89667.4534867,43147.7387480,1.7686335,0.0297206,9.7222222,0.0000000
327.5951431,89666.5026054,43147.5400915,1.7778313,-0.0122463,9.7222222,0.0000000
328.6166165,89665.5021205,43147.3340870,1.7718733,-0.0003994,9.7222222,0.0000000
329.6538709,89664.4858629,43147.1264406,1.7735124,0.0036233,9.7222222,0.0000000
330.6705077,89663.4917881,43146.9134481,1.7970561,0.0440744,9.7222222,0.0000000
331.6382469,89662.5542772,43146.6734635,1.8498712,0.0704291,9.7222222,0.0000000
332.5478220,89661.6932059,43146.3804056,1.9590337,0.1409009,9.7222222,-1.0178603
333.5379136,89660.8017585,43145.9495891,2.0827901,0.1395778,9.6180068,-3.0000000
334.4598227,89660.0280125,43145.4483571,2.2030169,0.1042888,9.3260174,-3.0000000
335.3551794,89659.3331124,43144.8837532,2.3069328,0.1292909,9.0334080,-3.0000000
336.2644345,89658.7051421,43144.2261834,2.4598808,0.1838551,8.7262208,3.0000000
337.2402562,89658.1435795,43143.4281386,2.5838263,0.0991468,9.0554878,3.0000000
338.1484316,89657.7025066,43142.6342638,2.6846632,0.0962559,9.3515192,3.0000000
339.1392937,89657.3091671,43141.7248179,2.7851220,0.1143608,9.6641650,0.5497775
340.1629077,89657.0077142,43140.7465993,2.9006368,0.1170082,9.7222222,0.0000000
341.1604258,89656.8246141,43139.7660296,3.0097812,0.0958724,9.7222222,0.0000000
342.1631549,89656.7358144,43138.7672403,3.0920325,0.0715892,9.7222222,0.0000000
343.1566237,89656.7213270,43137.7738771,-3.1227463,0.0624032,9.7222222,0.0000000
344.1705934,89656.7639872,43136.7608052,-3.0838456,0.0168774,9.7222222,0.0000000
345.1654544,89656.8232901,43135.7677133,-3.0867770,-0.0233182,9.7222222,0.0000000
346.1517838,89656.8603895,43134.7820818,-3.1273882,-0.0616261,9.7222222,0.0000000
347.1106542,89656.8473445,43133.8233002,3.1027778,-0.0455830,9.7222222,0.0000000
348.0837232,89656.7874876,43132.8520740,3.0565431,-0.0502742,9.7222222,0.0000000
349.0662492,89656.6804070,43131.8754005,3.0087760,-0.0469928,9.7222222,0.0000000
350.0543984,89656.5299833,43130.8987677,2.9719796,-0.0274987,9.7222222,0.0000000
351.0318346,89656.3558450,43129.9369687,2.9567874,-0.0036281,9.7222222,0.0000000
351.9668134,89656.1823513,43129.0182275,2.9531576,-0.0033965,9.7222222,0.0000000
